Workbook

Sheet ΙΑΝΟΥΑΡΙΟΣ
A1: Date | B1: Maria Tasiou | E1: Nikos Mousas | H1: Giwrgos Grimanis | K1: Nikolas Panoutsopoulos | N1: Nefeli Merko | Q1: Average
B2: Acquisition P1 | C2: Acquisition P4 | D2: Offtake P5 | E2: Acquisition P1 | F2: Acquisition P4 | G2: Offtake P5 | H2: Acquisition P1 | I2: Acquisition P4 | J2: Offtake P5 | K2: Acquisition P1 | L2: Acquisition P4 | M2: Offtake P5 | N2: Acquisition P1 | O2: Acquisition P4 | P2: Offtake P5 | Q2: Acquisition P1 | R2: Acquisition P4 | S2: Offtake P5
A3: 46023 | S3: =D3+G3+J3+M3+P3 -> 0
A4: 46024 | B4: 5 | C4: 0 | D4: 0 | E4: 0 | F4: 0 | G4: 0 | H4: 1 | I4: 0 | J4: 0 | K4: 4 | L4: 0 | M4: 0 | Q4: =B4+E4+H4+K4+N4 -> 10 | R4: =C4+F4+I4+L4+O4 -> 0 | S4: =D4+G4+J4+M4+P4 -> 0
A5: 46025 | B5: 4 | C5: 2 | D5: 0 | E5: 1 | F5: 0 | G5: 1 | H5: 0 | I5: 1 | J5: 0 | K5: 5 | L5: 5 | M5: 0 | Q5: =B5+E5+H5+K5+N5 -> 10 | R5: =C5+F5+I5+L5+O5 -> 8 | S5: =D5+G5+J5+M5+P5 -> 1
A6: 46026 | S6: =D6+G6+J6+M6+P6 -> 0
A7: 46027 | S7: =D7+G7+J7+M7+P7 -> 0
A8: 46028 | S8: =D8+G8+J8+M8+P8 -> 0
A9: 46029 | B9: 5 | C9: 1 | D9: 2 | E9: 1 | F9: 3 | G9: 0 | H9: 0 | I9: 1 | J9: 0 | K9: 6 | L9: 0 | M9: 0 | Q9: =B9+E9+H9+K9+N9 -> 12 | R9: =C9+F9+I9+L9+O9 -> 5 | S9: =D9+G9+J9+M9+P9 -> 2
A10: 46030 | B10: 6 | C10: 1 | D10: 1 | E10: 3 | F10: 0 | G10: 2 | H10: 0 | I10: 0 | J10: 0 | K10: 4 | L10: 0 | M10: 0 | Q10: =B10+E10+H10+K10+N10 -> 13 | R10: =C10+F10+I10+L10+O10 -> 1 | S10: =D10+G10+J10+M10+P10 -> 3
A11: 46031 | B11: 1 | C11: 0 | D11: 0 | E11: 2 | F11: 0 | G11: 3 | H11: 1 | I11: 3 | J11: 0 | K11: 2 | L11: 0 | M11: 0 | Q11: =B11+E11+H11+K11+N11 -> 6 | R11: =C11+F11+I11+L11+O11 -> 3 | S11: =D11+G11+J11+M11+P11 -> 3
A12: 46032 | B12: 3 | C12: 6 | D12: 0 | E12: 1 | F12: 0 | G12: 0 | H12: 6 | I12: 0 | J12: 0 | K12: 6 | L12: 1 | M12: 1 | Q12: =B12+E12+H12+K12+N12 -> 16 | R12: =C12+F12+I12+L12+O12 -> 7 | S12: =D12+G12+J12+M12+P12 -> 1
A13: 46033 | S13: =D13+G13+J13+M13+P13 -> 0
A14: 46034 | S14: =D14+G14+J14+M14+P14 -> 0
A15: 46035 | S15: =D15+G15+J15+M15+P15 -> 0
A16: 46036 | S16: =D16+G16+J16+M16+P16 -> 0
A17: 46037 | B17: 2 | C17: 1 | D17: 0 | E17: 5 | F17: 0 | G17: 0 | H17: 5 | I17: 1 | J17: 1 | K17: 5 | L17: 0 | M17: 0 | Q17: =B17+E17+H17+K17+N17 -> 17 | R17: =C17+F17+I17+L17+O17 -> 2 | S17: =D17+G17+J17+M17+P17 -> 1
A18: 46038 | S18: =D18+G18+J18+M18+P18 -> 0
A19: 46039 | B19: 3 | C19: 3 | D19: 0 | E19: 1 | F19: 1 | G19: 0 | H19: 3 | I19: 1 | J19: 0 | K19: 4 | L19: 2 | M19: 0 | Q19: =B19+E19+H19+K19+N19 -> 11 | R19: =C19+F19+I19+L19+O19 -> 7 | S19: =D19+G19+J19+M19+P19 -> 0
A20: 46040 | S20: =D20+G20+J20+M20+P20 -> 0
A21: 46041 | S21: =D21+G21+J21+M21+P21 -> 0
A22: 46042 | B22: 0 | C22: 1 | D22: 0 | E22: 0 | F22: 0 | G22: 2 | H22: 0 | I22: 0 | J22: 0 | K22: 2 | L22: 1 | M22: 0 | Q22: =B22+E22+H22+K22+N22 -> 2 | R22: =C22+F22+I22+L22+O22 -> 2 | S22: =D22+G22+J22+M22+P22 -> 2
A23: 46043 | B23: 1 | C23: 1 | D23: 0 | E23: 8 | F23: 0 | G23: 0 | H23: 0 | I23: 0 | J23: 0 | K23: 1 | L23: 0 | M23: 0 | Q23: =B23+E23+H23+K23+N23 -> 10 | R23: =C23+F23+I23+L23+O23 -> 1 | S23: =D23+G23+J23+M23+P23 -> 0
A24: 46044 | B24: 1 | C24: 0 | D24: 0 | E24: 1 | F24: 0 | G24: 0 | H24: 1 | I24: 0 | J24: 0 | K24: 3 | L24: 1 | M24: 1 | N24: 1 | O24: 0 | P24: 0 | Q24: =B24+E24+H24+K24+N24 -> 7 | R24: =C24+F24+I24+L24+O24 -> 1 | S24: =D24+G24+J24+M24+P24 -> 1
A25: 46045 | B25: 1 | C25: 3 | D25: 0 | E25: 1 | F25: 0 | G25: 0 | H25: 0 | I25: 0 | J25: 0 | K25: 2 | L25: 3 | M25: 1 | N25: 1 | O25: 2 | P25: 0 | Q25: =B25+E25+H25+K25+N25 -> 5 | R25: =C25+F25+I25+L25+O25 -> 8 | S25: =D25+G25+J25+M25+P25 -> 1
A26: 46046 | B26: 3 | C26: 0 | D26: 0 | E26: 1 | F26: 1 | G26: 0 | H26: 0 | I26: 0 | J26: 0 | K26: 5 | L26: 0 | M26: 0 | N26: 1 | O26: 0 | P26: 0 | Q26: =B26+E26+H26+K26+N26 -> 10 | R26: =C26+F26+I26+L26+O26 -> 1 | S26: =D26+G26+J26+M26+P26 -> 0
A27: 46047 | S27: =D27+G27+J27+M27+P27 -> 0
A28: 46048 | S28: =D28+G28+J28+M28+P28 -> 0
A29: 46049 | B29: 3 | C29: 3 | D29: 0 | H29: 0 | I29: 5 | J29: 0 | K29: 1 | L29: 1 | M29: 0 | N29: 1 | O29: 1 | P29: 0 | Q29: =B29+E29+H29+K29+N29 -> 5 | R29: =C29+F29+I29+L29+O29 -> 10 | S29: =D29+G29+J29+M29+P29 -> 0
A30: 46050 | B30: 3 | C30: 0 | D30: 1 | E30: 1 | F30: 1 | G30: 0 | H30: 1 | I30: 1 | J30: 1 | K30: 1 | L30: 1 | M30: 0 | N30: 4 | O30: 3 | P30: 0 | Q30: =B30+E30+H30+K30+N30 -> 10 | R30: =C30+F30+I30+L30+O30 -> 6 | S30: =D30+G30+J30+M30+P30 -> 2
A31: 46051 | B31: 7 | C31: 1 | D31: 2 | E31: 1 | F31: 2 | G31: 0 | H31: 0 | I31: 1 | J31: 2 | K31: 4 | L31: 0 | M31: 0 | N31: 0 | O31: 0 | P31: 0 | Q31: =B31+E31+H31+K31+N31 -> 12 | R31: =C31+F31+I31+L31+O31 -> 4 | S31: =D31+G31+J31+M31+P31 -> 4
A32: 46052 | B32: 1 | C32: 0 | D32: 3 | E32: 2 | F32: 1 | G32: 0 | H32: 0 | I32: 0 | J32: 3 | K32: 1 | L32: 1 | M32: 0 | N32: 3 | O32: 1 | P32: 0 | Q32: =B32+E32+H32+K32+N32 -> 7 | R32: =C32+F32+I32+L32+O32 -> 3 | S32: =D32+G32+J32+M32+P32 -> 6
A33: 46053 | B33: 2 | C33: 2 | D33: 4 | E33: 2 | F33: 0 | G33: 0 | H33: 1 | I33: 0 | J33: 4 | K33: 3 | L33: 3 | M33: 0 | N33: 1 | O33: 1 | P33: 0 | Q33: =B33+E33+H33+K33+N33 -> 9 | R33: =C33+F33+I33+L33+O33 -> 6 | S33: =D33+G33+J33+M33+P33 -> 8
A34: TOTAL: | B34: =SUM(B3:B33) -> 51 | C34: =SUM(C3:C33) -> 25 | D34: =SUM(D3:D32) -> 9 | E34: =SUM(E3:E33) -> 31 | F34: =SUM(F3:F32) -> 9 | G34: =SUM(G3:G33) -> 8 | H34: =SUM(H3:H33) -> 19 | I34: =SUM(I3:I33) -> 14 | J34: =SUM(J3:J32) -> 7 | K34: =SUM(K3:K33) -> 59 | L34: =SUM(L3:L33) -> 19 | M34: =SUM(M3:M33) -> 3 | N34: =SUM(N3:N33) -> 12 | O34: =SUM(O3:O33) -> 8 | P34: =SUM(P3:P32) -> 0 | Q34: =AVERAGE(Q3:Q33) -> 9.5555556 | R34: =AVERAGE(R3:R33) -> 4.1666667 | S34: =AVERAGE(S3:S33) -> 1.1290323
Q35: TOTAL TEAM
Q36: Acquisition P1 | R36: =B34+E34+H34+K34+N34 -> 172
Q37: Acquisition P4 | R37: =C34+F34+I34+L34+O34 -> 75
Q38: Offtake P5 | R38: =D34+G34+J34+M34+P34 -> 27

Sheet ΦΕΒΡΟΥΑΡΙΟΣ
A1: Date | B1: Maria Tasiou | E1: Nikos Mousas | H1: Giwrgos Grimanis | K1: Nikolas Panoutsopoulos | N1: Nefeli Merko | Q1: Average
B2: Acquisition P1 | C2: Acquisition P4 | D2: Offtake P5 | E2: Acquisition P1 | F2: Acquisition P4 | G2: Offtake P5 | H2: Acquisition P1 | I2: Acquisition P4 | J2: Offtake P5 | K2: Acquisition P1 | L2: Acquisition P4 | M2: Offtake P5 | N2: Acquisition P1 | O2: Acquisition P4 | P2: Offtake P5 | Q2: Acquisition P1 | R2: Acquisition P4 | S2: Offtake P5
A3: 46054 | Q3: =B3+E3+H3+K3+N3 -> 0 | R3: =C3+F3+I3+L3+O3 -> 0 | S3: =D3+G3+J3+M3+P3 -> 0
A4: 46055 | N4: 2 | O4: 0 | P4: 0 | Q4: =B4+E4+H4+K4+N4 -> 2 | R4: =C4+F4+I4+L4+O4 -> 0 | S4: =D4+G4+J4+M4+P4 -> 0
A5: 46056 | E5: 2 | F5: 1 | G5: 0 | H5: 10 | I5: 0 | J5: 0 | K5: 5 | L5: 1 | M5: 0 | Q5: =B5+E5+H5+K5+N5 -> 17 | R5: =C5+F5+I5+L5+O5 -> 2 | S5: =D5+G5+J5+M5+P5 -> 0
A6: 46057 | B6: 2 | C6: 1 | D6: 0 | E6: 0 | F6: 2 | G6: 0 | H6: 4 | I6: 0 | J6: 0 | K6: 1 | L6: 2 | M6: 0 | N6: 0 | O6: 0 | P6: 0 | Q6: =B6+E6+H6+K6+N6 -> 7 | R6: =C6+F6+I6+L6+O6 -> 5 | S6: =D6+G6+J6+M6+P6 -> 0
A7: 46058 | B7: 1 | C7: 1 | D7: 0 | E7: 0 | F7: 0 | G7: 0 | H7: 3 | I7: 3 | J7: 0 | K7: 1 | L7: 2 | M7: 0 | N7: 1 | O7: 0 | P7: 0 | Q7: =B7+E7+H7+K7+N7 -> 6 | R7: =C7+F7+I7+L7+O7 -> 6 | S7: =D7+G7+J7+M7+P7 -> 0
A8: 46059 | B8: 0 | C8: 1 | D8: 0 | E8: 0 | F8: 0 | G8: 0 | H8: 1 | I8: 2 | J8: 0 | K8: 4 | L8: 3 | M8: 0 | N8: 2 | O8: 2 | P8: 0 | Q8: =B8+E8+H8+K8+N8 -> 7 | R8: =C8+F8+I8+L8+O8 -> 8 | S8: =D8+G8+J8+M8+P8 -> 0
A9: 46060 | B9: 0 | C9: 2 | D9: 0 | E9: 3 | F9: 0 | G9: 0 | H9: 1 | I9: 0 | J9: 0 | K9: 1 | L9: 1 | M9: 0 | N9: 1 | O9: 0 | P9: 0 | Q9: =B9+E9+H9+K9+N9 -> 6 | R9: =C9+F9+I9+L9+O9 -> 3 | S9: =D9+G9+J9+M9+P9 -> 0
A10: 46061 | Q10: =B10+E10+H10+K10+N10 -> 0 | R10: =C10+F10+I10+L10+O10 -> 0 | S10: =D10+G10+J10+M10+P10 -> 0
A11: 46062 | Q11: =B11+E11+H11+K11+N11 -> 0 | R11: =C11+F11+I11+L11+O11 -> 0 | S11: =D11+G11+J11+M11+P11 -> 0
A12: 46063 | B12: 2 | C12: 1 | D12: 0 | E12: 5 | F12: 4 | G12: 0 | H12: 1 | I12: 0 | J12: 0 | N12: 1 | O12: 0 | P12: 0 | Q12: =B12+E12+H12+K12+N12 -> 9 | R12: =C12+F12+I12+L12+O12 -> 5 | S12: =D12+G12+J12+M12+P12 -> 0
A13: 46064 | B13: 1 | C13: 0 | D13: 0 | E13: 3 | F13: 0 | G13: 0 | H13: 1 | I13: 0 | J13: 0 | N13: 1 | O13: 0 | P13: 0 | Q13: =B13+E13+H13+K13+N13 -> 6 | R13: =C13+F13+I13+L13+O13 -> 0 | S13: =D13+G13+J13+M13+P13 -> 0
A14: 46065 | H14: 2 | I14: 0 | J14: 0 | K14: 3 | L14: 2 | M14: 0 | Q14: =B14+E14+H14+K14+N14 -> 5 | R14: =C14+F14+I14+L14+O14 -> 2 | S14: =D14+G14+J14+M14+P14 -> 0
A15: 46066 | H15: 3 | I15: 3 | J15: 0 | K15: 7 | L15: 0 | M15: 0 | Q15: =B15+E15+H15+K15+N15 -> 10 | R15: =C15+F15+I15+L15+O15 -> 3 | S15: =D15+G15+J15+M15+P15 -> 0
A16: 46067 | H16: 3 | I16: 1 | J16: 0 | K16: 3 | L16: 3 | M16: 0 | N16: 3 | O16: 0 | P16: 0 | Q16: =B16+E16+H16+K16+N16 -> 9 | R16: =C16+F16+I16+L16+O16 -> 4 | S16: =D16+G16+J16+M16+P16 -> 0
A17: 46068 | Q17: =B17+E17+H17+K17+N17 -> 0 | R17: =C17+F17+I17+L17+O17 -> 0 | S17: =D17+G17+J17+M17+P17 -> 0
A18: 46069 | Q18: =B18+E18+H18+K18+N18 -> 0 | R18: =C18+F18+I18+L18+O18 -> 0 | S18: =D18+G18+J18+M18+P18 -> 0
A19: 46070 | K19: 2 | L19: 1 | M19: 0 | N19: 3 | O19: 0 | P19: 0 | Q19: =B19+E19+H19+K19+N19 -> 5 | R19: =C19+F19+I19+L19+O19 -> 1 | S19: =D19+G19+J19+M19+P19 -> 0
A20: 46071 | Q20: =B20+E20+H20+K20+N20 -> 0 | R20: =C20+F20+I20+L20+O20 -> 0 | S20: =D20+G20+J20+M20+P20 -> 0
A21: 46072 | Q21: =B21+E21+H21+K21+N21 -> 0 | R21: =C21+F21+I21+L21+O21 -> 0 | S21: =D21+G21+J21+M21+P21 -> 0
A22: 46073 | Q22: =B22+E22+H22+K22+N22 -> 0 | R22: =C22+F22+I22+L22+O22 -> 0 | S22: =D22+G22+J22+M22+P22 -> 0
A23: 46074 | Q23: =B23+E23+H23+K23+N23 -> 0 | R23: =C23+F23+I23+L23+O23 -> 0 | S23: =D23+G23+J23+M23+P23 -> 0
A24: 46075 | Q24: =B24+E24+H24+K24+N24 -> 0 | R24: =C24+F24+I24+L24+O24 -> 0 | S24: =D24+G24+J24+M24+P24 -> 0
A25: 46076 | Q25: =B25+E25+H25+K25+N25 -> 0 | R25: =C25+F25+I25+L25+O25 -> 0 | S25: =D25+G25+J25+M25+P25 -> 0
A26: 46077 | Q26: =B26+E26+H26+K26+N26 -> 0 | R26: =C26+F26+I26+L26+O26 -> 0 | S26: =D26+G26+J26+M26+P26 -> 0
A27: 46078 | Q27: =B27+E27+H27+K27+N27 -> 0 | R27: =C27+F27+I27+L27+O27 -> 0 | S27: =D27+G27+J27+M27+P27 -> 0
A28: 46079 | Q28: =B28+E28+H28+K28+N28 -> 0 | R28: =C28+F28+I28+L28+O28 -> 0 | S28: =D28+G28+J28+M28+P28 -> 0
A29: 46080 | Q29: =B29+E29+H29+K29+N29 -> 0 | R29: =C29+F29+I29+L29+O29 -> 0 | S29: =D29+G29+J29+M29+P29 -> 0
A30: 46081 | Q30: =B30+E30+H30+K30+N30 -> 0 | R30: =C30+F30+I30+L30+O30 -> 0 | S30: =D30+G30+J30+M30+P30 -> 0
A31: 46082 | Q31: =B31+E31+H31+K31+N31 -> 0 | R31: =C31+F31+I31+L31+O31 -> 0 | S31: =D31+G31+J31+M31+P31 -> 0
... A33: 46084 | Q33: =B33+E33+H33+K33+N33 -> 0 | R33: =C33+F33+I33+L33+O33 -> 0 | S33: =D33+G33+J33+M33+P33 -> 0
A34: TOTAL: | B34: =SUM(B3:B33) -> 6 | C34: =SUM(C3:C33) -> 6 | D34: =SUM(D3:D32) -> 0 | E34: =SUM(E3:E33) -> 13 | F34: =SUM(F3:F32) -> 7 | G34: =SUM(G3:G32) -> 0 | H34: =SUM(H3:H32) -> 29 | I34: =SUM(I3:I32) -> 9 | J34: =SUM(J3:J32) -> 0 | K34: =SUM(K3:K33) -> 27 | L34: =SUM(L3:L33) -> 15 | M34: =SUM(M3:M32) -> 0 | N34: =SUM(N3:N33) -> 14 | O34: =SUM(O3:O33) -> 2 | P34: =SUM(P3:P32) -> 0 | Q34: =AVERAGE(Q3:Q33) -> 2.8709677 | R34: =AVERAGE(R3:R33) -> 1.2580645 | S34: =AVERAGE(S3:S33) -> 0
Q35: TOTAL TEAM
Q36: Acquisition P1 | S36: =B34+E34+H34+K34+N34 -> 89
Q37: Acquisition P4 | S37: =C34+F34+I34+L34+O34 -> 39
Q38: Offtake P5 | S38: =D34+G34+J34+M34+P34 -> 0

Sheet Q1 2026
B4: Acquisition P1 | C4: DAYS OF WORK | D4: EXCPECTED TARGET | E4: % | F4: BONUS | H4: EXCPECTED PILLAR | I4: % | J4: BONUS
A5: Maria Tasiou | B5: =ΙΑΝΟΥΑΡΙΟΣ!B34 +ΦΕΒΡΟΥΑΡΙΟΣ!B34 -> 57 | C5: =COUNT(ΙΑΝΟΥΑΡΙΟΣ!B3:B33) + COUNT(ΦΕΒΡΟΥΑΡΙΟΣ!B3:B33) -> 24 | D5: =(COUNT(ΙΑΝΟΥΑΡΙΟΣ!B3:B33) + COUNT(ΦΕΒΡΟΥΑΡΙΟΣ!B3:B33)) * 1.7 -> 40.8 | E5: =B5/D5 -> 1.3970588 | F5: =IF(B5 >= D5, "BONUS ✅ (exceeds bonus for +" & ROUND(B5-D5, 0) & " devices)", "need " & ROUND(D5-B5, 0) & " devices") -> BONUS ✅ (exceeds bonus for +16 devices) | H5: =(COUNT(ΙΑΝΟΥΑΡΙΟΣ!F3:F33) + COUNT(ΦΕΒΡΟΥΑΡΙΟΣ!F3:F33)) * 1.9 -> 45.6 | I5: =B5/H5 -> 1.25 | J5: =IF(B5 >= H5, "BONUS ✅ (exceeds bonus for +" & ROUND(B5 - H5, 0) & " devices)", "need " & ROUND(H5 - B5, 0) & " devices") -> BONUS ✅ (exceeds bonus for +11 devices)
A6: Nikos Mousas | B6: =ΙΑΝΟΥΑΡΙΟΣ!E34 +ΦΕΒΡΟΥΑΡΙΟΣ!E34 -> 44 | C6: =COUNT(ΙΑΝΟΥΑΡΙΟΣ!E3:E33) + COUNT(ΦΕΒΡΟΥΑΡΙΟΣ!E3:E33) -> 24 | D6: =(COUNT(ΙΑΝΟΥΑΡΙΟΣ!F3:F33) + COUNT(ΦΕΒΡΟΥΑΡΙΟΣ!F3:F33))*1.7 -> 40.8 | E6: =B6/D6 -> 1.0784314 | F6: =IF(B6 >= D6, "BONUS ✅ (exceeds bonus for +" & ROUND(B6-D6, 0) & " devices)", "need " & ROUND(D6-B6, 0) & " devices") -> BONUS ✅ (exceeds bonus for +3 devices) | H6: =(COUNT(ΙΑΝΟΥΑΡΙΟΣ!F3:F33) + COUNT(ΦΕΒΡΟΥΑΡΙΟΣ!F3:F33))*1.9 -> 45.6 | I6: =B6/H6 -> 0.96491228 | J6: =IF(B6 >= H6, "BONUS ✅ (exceeds bonus for +" & ROUND(B6 - H6, 0) & " devices)", "need " & ROUND(H6 - B6, 0) & " devices") -> need 2 devices
A7: Giwrgos Grimanis | B7: =ΙΑΝΟΥΑΡΙΟΣ!H34 +ΦΕΒΡΟΥΑΡΙΟΣ!H34 -> 48 | C7: =COUNT(ΙΑΝΟΥΑΡΙΟΣ!H3:H33) + COUNT(ΦΕΒΡΟΥΑΡΙΟΣ!H3:H33) -> 28 | D7: =(COUNT(ΙΑΝΟΥΑΡΙΟΣ!I3:I33) + COUNT(ΦΕΒΡΟΥΑΡΙΟΣ!I3:I33))*1.7 -> 47.6 | E7: =B7/D7 -> 1.0084034 | F7: =IF(B7 >= D7, "BONUS ✅ (exceeds bonus for +" & ROUND(B7-D7, 0) & " devices)", "need " & ROUND(D7-B7, 0) & " devices") -> BONUS ✅ (exceeds bonus for +0 devices) | H7: =(COUNT(ΙΑΝΟΥΑΡΙΟΣ!I3:I33) + COUNT(ΦΕΒΡΟΥΑΡΙΟΣ!I3:I33))*1.9 -> 53.2 | I7: =B7/H7 -> 0.90225564 | J7: =IF(B7 >= H7, "BONUS ✅ (exceeds bonus for +" & ROUND(B7 - H7, 0) & " devices)", "need " & ROUND(H7 - B7, 0) & " devices") -> need 5 devices
A8: Nikolas Panoutsopoulos | B8: =ΙΑΝΟΥΑΡΙΟΣ!K34 +ΦΕΒΡΟΥΑΡΙΟΣ!K34 -> 86 | C8: =COUNT(ΙΑΝΟΥΑΡΙΟΣ!K3:K33) + COUNT(ΦΕΒΡΟΥΑΡΙΟΣ!K3:K33) -> 27 | D8: =(COUNT(ΙΑΝΟΥΑΡΙΟΣ!L3:L33) + COUNT(ΦΕΒΡΟΥΑΡΙΟΣ!L3:L33))*1.7 -> 45.9 | E8: =B8/D8 -> 1.8736383 | F8: =IF(B8 >= D8, "BONUS ✅ (exceeds bonus for +" & ROUND(B8-D8, 0) & " devices)", "need " & ROUND(D8-B8, 0) & " devices") -> BONUS ✅ (exceeds bonus for +40 devices) | H8: =(COUNT(ΙΑΝΟΥΑΡΙΟΣ!L3:L33) + COUNT(ΦΕΒΡΟΥΑΡΙΟΣ!L3:L33))*1.9 -> 51.3 | I8: =B8/H8 -> 1.6764133 | J8: =IF(B8 >= H8, "BONUS ✅ (exceeds bonus for +" & ROUND(B8 - H8, 0) & " devices)", "need " & ROUND(H8 - B8, 0) & " devices") -> BONUS ✅ (exceeds bonus for +35 devices)
A9: Nefeli Merko | B9: =ΙΑΝΟΥΑΡΙΟΣ!N34 +ΦΕΒΡΟΥΑΡΙΟΣ!N34 -> 26 | C9: =COUNT(ΙΑΝΟΥΑΡΙΟΣ!N3:N33) + COUNT(ΦΕΒΡΟΥΑΡΙΟΣ!N3:N33) -> 17 | D9: =(COUNT(ΙΑΝΟΥΑΡΙΟΣ!O3:O33) + COUNT(ΦΕΒΡΟΥΑΡΙΟΣ!O3:O33))*1.7 -> 28.9 | E9: =B9/D9 -> 0.89965398 | F9: =IF(B9 >= D9, "BONUS ✅ (exceeds bonus for +" & ROUND(B9-D9, 0) & " devices)", "need " & ROUND(D9-B9, 0) & " devices") -> need 3 devices | H9: =(COUNT(ΙΑΝΟΥΑΡΙΟΣ!O3:O33) + COUNT(ΦΕΒΡΟΥΑΡΙΟΣ!O3:O33))*1.9 -> 32.3 | I9: =B9/H9 -> 0.80495356 | J9: =IF(B9 >= H9, "BONUS ✅ (exceeds bonus for +" & ROUND(B9 - H9, 0) & " devices)", "need " & ROUND(H9 - B9, 0) & " devices") -> need 6 devices
A10: Team Total | B10: =SUM(B5:B9) -> 261
B12: Acquisition P4 | C12: DAYS OF WORK | D12: EXCPECTED TARGET | E12: % | F12: BONUS | H12: EXCPECTED PILLAR | I12: % | J12: BONUS
A13: Maria Tasiou | B13: =ΙΑΝΟΥΑΡΙΟΣ!C34 +ΦΕΒΡΟΥΑΡΙΟΣ!C34 -> 31 | C13: =COUNT(ΙΑΝΟΥΑΡΙΟΣ!C3:C33) + COUNT(ΦΕΒΡΟΥΑΡΙΟΣ!C3:C33) -> 24 | D13: =(COUNT(ΙΑΝΟΥΑΡΙΟΣ!C3:C33) + COUNT(ΦΕΒΡΟΥΑΡΙΟΣ!C3:C33))*0.7 -> 16.8 | E13: =B13/D13 -> 1.8452381 | F13: =IF(B13 >= D13, "BONUS ✅ (exceeds bonus for +" & ROUND(B13-D13, 0) & " devices)", "need " & ROUND(D13-B13, 0) & " devices") -> BONUS ✅ (exceeds bonus for +14 devices) | H13: =(COUNT(ΙΑΝΟΥΑΡΙΟΣ!C3:C33) + COUNT(ΦΕΒΡΟΥΑΡΙΟΣ!C3:C33))*0.9 -> 21.6 | I13: =B13/H13 -> 1.4351852 | J13: =IF(B13 >= H13, "BONUS ✅ (exceeds bonus for +" & ROUND(B13 - H13, 0) & " devices)", "need " & ROUND(H13 - B13, 0) & " devices") -> BONUS ✅ (exceeds bonus for +9 devices)
A14: Nikos Mousas | B14: =ΙΑΝΟΥΑΡΙΟΣ!F34 +ΦΕΒΡΟΥΑΡΙΟΣ!F34 -> 16 | C14: =COUNT(ΙΑΝΟΥΑΡΙΟΣ!F3:F33) + COUNT(ΦΕΒΡΟΥΑΡΙΟΣ!F3:F33) -> 24 | D14: =(COUNT(ΙΑΝΟΥΑΡΙΟΣ!F3:F33) + COUNT(ΦΕΒΡΟΥΑΡΙΟΣ!F3:F33))*0.7 -> 16.8 | E14: =B14/D14 -> 0.95238095 | F14: =IF(B14 >= D14, "BONUS ✅ (exceeds bonus for +" & ROUND(B14-D14, 0) & " devices)", "need " & ROUND(D14-B14, 0) & " devices") -> need 1 devices | H14: =(COUNT(ΙΑΝΟΥΑΡΙΟΣ!F3:F33) + COUNT(ΦΕΒΡΟΥΑΡΙΟΣ!F3:F33))*0.9 -> 21.6 | I14: =B14/H14 -> 0.74074074 | J14: =IF(B14 >= H14, "BONUS ✅ (exceeds bonus for +" & ROUND(B14 - H14, 0) & " devices)", "need " & ROUND(H14 - B14, 0) & " devices") -> need 6 devices
A15: Giwrgos Grimanis | B15: =ΙΑΝΟΥΑΡΙΟΣ!I34 +ΦΕΒΡΟΥΑΡΙΟΣ!I34 -> 23 | C15: =COUNT(ΙΑΝΟΥΑΡΙΟΣ!I3:I33) + COUNT(ΦΕΒΡΟΥΑΡΙΟΣ!I3:I33) -> 28 | D15: =(COUNT(ΙΑΝΟΥΑΡΙΟΣ!I3:I33) + COUNT(ΦΕΒΡΟΥΑΡΙΟΣ!I3:I33))*0.7 -> 19.6 | E15: =B15/D15 -> 1.1734694 | F15: =IF(B15 >= D15, "BONUS ✅ (exceeds bonus for +" & ROUND(B15-D15, 0) & " devices)", "need " & ROUND(D15-B15, 0) & " devices") -> BONUS ✅ (exceeds bonus for +3 devices) | H15: =(COUNT(ΙΑΝΟΥΑΡΙΟΣ!I3:I33) + COUNT(ΦΕΒΡΟΥΑΡΙΟΣ!I3:I33))*0.9 -> 25.2 | I15: =B15/H15 -> 0.91269841 | J15: =IF(B15 >= H15, "BONUS ✅ (exceeds bonus for +" & ROUND(B15 - H15, 0) & " devices)", "need " & ROUND(H15 - B15, 0) & " devices") -> need 2 devices
A16: Nikolas Panoutsopoulos | B16: =ΙΑΝΟΥΑΡΙΟΣ!L34 +ΦΕΒΡΟΥΑΡΙΟΣ!L34 -> 34 | C16: =COUNT(ΙΑΝΟΥΑΡΙΟΣ!L3:L33) + COUNT(ΦΕΒΡΟΥΑΡΙΟΣ!L3:L33) -> 27 | D16: =(COUNT(ΙΑΝΟΥΑΡΙΟΣ!L3:L33) + COUNT(ΦΕΒΡΟΥΑΡΙΟΣ!L3:L33))*0.7 -> 18.9 | E16: =B16/D16 -> 1.7989418 | F16: =IF(B16 >= D16, "BONUS ✅ (exceeds bonus for +" & ROUND(B16-D16, 0) & " devices)", "need " & ROUND(D16-B16, 0) & " devices") -> BONUS ✅ (exceeds bonus for +15 devices) | H16: =(COUNT(ΙΑΝΟΥΑΡΙΟΣ!L3:L33) + COUNT(ΦΕΒΡΟΥΑΡΙΟΣ!L3:L33))*0.9 -> 24.3 | I16: =B16/H16 -> 1.399177 | J16: =IF(B16 >= H16, "BONUS ✅ (exceeds bonus for +" & ROUND(B16 - H16, 0) & " devices)", "need " & ROUND(H16 - B16, 0) & " devices") -> BONUS ✅ (exceeds bonus for +10 devices)
A17: Nefeli Merko | B17: =ΙΑΝΟΥΑΡΙΟΣ!O34 +ΦΕΒΡΟΥΑΡΙΟΣ!O34 -> 10 | C17: =COUNT(ΙΑΝΟΥΑΡΙΟΣ!O3:O33) + COUNT(ΦΕΒΡΟΥΑΡΙΟΣ!O3:O33) -> 17 | D17: =(COUNT(ΙΑΝΟΥΑΡΙΟΣ!O3:O33) + COUNT(ΦΕΒΡΟΥΑΡΙΟΣ!O3:O33))*0.7 -> 11.9 | E17: =B17/D17 -> 0.84033613 | F17: =IF(B17 >= D17, "BONUS ✅ (exceeds bonus for +" & ROUND(B17-D17, 0) & " devices)", "need " & ROUND(D17-B17, 0) & " devices") -> need 2 devices | H17: =(COUNT(ΙΑΝΟΥΑΡΙΟΣ!O3:O33) + COUNT(ΦΕΒΡΟΥΑΡΙΟΣ!O3:O33))*0.9 -> 15.3 | I17: =B17/H17 -> 0.65359477 | J17: =IF(B17 >= H17, "BONUS ✅ (exceeds bonus for +" & ROUND(B17 - H17, 0) & " devices)", "need " & ROUND(H17 - B17, 0) & " devices") -> need 5 devices
A18: Team Total | B18: =SUM(B13:B17) -> 114

Sheet Q42025
E3: Daily Acquisition Target
A4: 50 | B4: Acquisition P1 | C4: Acquisition P4 | D4: Offtake P5 | E4: Acquisition P1 | F4: Acquisition P4 | G4: Offtake P5
A5: Maria Tasiou | B5: 173 | C5: 58 | D5: 33
A6: Nikos Mousas | B6: 89 | C6: 21 | D6: 14 | E6: =B6/42 -> 2.1190476 | F6: =C6/42 -> 0.5 | G6: =D6/42 -> 0.33333333
A7: Giwrgos Grimanis | B7: 89 | C7: 28 | D7: 9 | E7: =B7/50 -> 1.78 | F7: =C7/50 -> 0.56 | G7: =D7/50 -> 0.18
A8: Nikolas Panoutsopoulos | B8: 34 | C8: 10 | D8: 1
A9: Nefeli Merko | B9: x | C9: x | D9: x
